/*
  # Seed Data for eCommerce Platform

  Creates sample data for testing and demonstration:
  1. Product Categories
  2. Brands
  3. Sample Products with variants
  4. Product Images
  5. Collections
  6. Collection Products

  All inserts use ON CONFLICT DO NOTHING for safe re-running.
*/

-- =====================================================
-- CATEGORIES
-- =====================================================

INSERT INTO "public"."categories" ("id", "slug", "name", "description", "image_url", "is_pinned", "display_order", "created_at", "updated_at") VALUES ('142f543f-1332-4ac0-bf15-f76904863a28', 'basketball', 'Basketball Shoes', 'Professional basketball footwear', 'categories/0.4853432207330881.jpg', 'false', '4', '2025-09-21 14:04:48.460905+00', '2025-09-23 13:14:56.981201+00'), ('a7034359-d4cd-4a09-ae8f-ddec6ed69e4d', 'running', 'Running Shoes', 'High-performance running shoes for all terrains', 'categories/0.4874308608549407.jpg', 'true', '1', '2025-09-21 14:04:48.460905+00', '2025-09-23 13:14:25.470848+00'), ('ae3b1ba2-8efa-4bb0-a608-68964ec57da7', 'training', 'Training Shoes', 'Versatile shoes for gym and cross-training', 'categories/0.06703896289543654.jpg', 'true', '2', '2025-09-21 14:04:48.460905+00', '2025-09-23 13:14:39.029623+00'), ('bdfa512e-899c-4087-a7aa-0da45cb2dae9', 'lifestyle', 'Lifestyle Sneakers', 'Casual sneakers for everyday wear', 'categories/0.8399133360463401.jpg', 'true', '3', '2025-09-21 14:04:48.460905+00', '2025-09-23 13:14:47.998787+00'), ('cd4d35fe-0ce1-46f9-9e32-764b431d63e5', 'soccer', 'Soccer Cleats', 'Professional soccer boots and cleats', 'categories/0.5721629803342493.jpg', 'false', '5', '2025-09-21 14:04:48.460905+00', '2025-09-23 13:15:04.324719+00');

-- =====================================================
-- BRANDS
-- =====================================================

INSERT INTO "public"."brands" ("id", "slug", "name", "description", "logo_url", "created_at", "updated_at") VALUES ('00248efa-a2a7-4ba7-bebe-e2937e85fa02', 'nike', 'Nike', 'Just Do It - Leading athletic footwear brand', 'https://logo.clearbit.com/nike.com', '2025-09-21 14:04:48.460905+00', '2025-09-21 14:04:48.460905+00'), ('2c49e672-8f49-46e3-8809-d45ecd19a5aa', 'new-balance', 'New Balance', 'Endorsed by No One - American footwear manufacturer', 'https://logo.clearbit.com/newbalance.com', '2025-09-21 14:04:48.460905+00', '2025-09-21 14:04:48.460905+00'), ('821663d2-cf06-404f-8994-3b700e85de5a', 'puma', 'Puma', 'Forever Faster - German multinational athletic footwear company', 'https://logo.clearbit.com/puma.com', '2025-09-21 14:04:48.460905+00', '2025-09-21 14:04:48.460905+00'), ('e15b07c4-a4ef-4b72-89bc-13bea2908d5c', 'adidas', 'Adidas', 'Impossible is Nothing - German multinational footwear corporation', 'https://logo.clearbit.com/adidas.com', '2025-09-21 14:04:48.460905+00', '2025-09-21 14:04:48.460905+00'), ('e862eac2-45e8-46e3-86fa-c359ed333c2a', 'asics', 'ASICS', 'Sound Mind, Sound Body - Japanese multinational athletic equipment company', 'https://logo.clearbit.com/asics.com', '2025-09-21 14:04:48.460905+00', '2025-09-21 14:04:48.460905+00');


-- =====================================================
-- PRODUCTS
-- =====================================================

INSERT INTO "public"."products" ("id", "sku", "title", "description", "slug", "price", "currency", "category_id", "brand_id", "is_active", "featured", "return_policy", "deleted_at", "deleted_by", "created_at", "updated_at") VALUES ('66378ad6-055c-4f24-861c-b65790160c7b', 'Product 1', 'Product 1', 'Product 1 Des', 'product-1', '10000.00', 'LKR', '142f543f-1332-4ac0-bf15-f76904863a28', 'e15b07c4-a4ef-4b72-89bc-13bea2908d5c', 'true', 'true', null, null, null, '2025-09-23 09:39:39.681691+00', '2025-09-23 12:56:42.163217+00'), ('8e0563b7-eb06-40b7-9aca-ae960befc0cf', 'PRODUCT2', 'Product 2', 'Product 2 description', 'product-2', '9999.00', 'LKR', '142f543f-1332-4ac0-bf15-f76904863a28', 'e862eac2-45e8-46e3-86fa-c359ed333c2a', 'true', 'true', null, null, null, '2025-09-23 12:55:48.984183+00', '2025-09-23 12:55:54.842029+00'), ('cfb866ac-2726-452b-a5f6-135cec8d0986', 'PRODUCT3', 'Product 3', 'Product 3 Description', 'product-3', '8999.00', 'LKR', 'bdfa512e-899c-4087-a7aa-0da45cb2dae9', 'e862eac2-45e8-46e3-86fa-c359ed333c2a', 'true', 'true', null, null, null, '2025-09-23 12:58:16.415649+00', '2025-09-23 13:01:40.988756+00'), ('e885275c-144d-4682-b7ae-dcb895809c64', 'PRODUCT4', 'product 4', 'Product 4 description', 'product-4', '6999.00', 'LKR', 'bdfa512e-899c-4087-a7aa-0da45cb2dae9', 'e862eac2-45e8-46e3-86fa-c359ed333c2a', 'true', 'true', null, null, null, '2025-09-23 13:01:36.470474+00', '2025-09-23 13:01:41.2509+00'), ('edb7ee96-f2ec-4e42-965f-5464160382b3', 'PRODUCT5', 'Product 5', 'Product 5 description', 'product-5', '5999.00', 'LKR', 'a7034359-d4cd-4a09-ae8f-ddec6ed69e4d', 'e15b07c4-a4ef-4b72-89bc-13bea2908d5c', 'true', 'true', null, null, null, '2025-09-23 13:03:16.98336+00', '2025-09-24 12:02:35.395127+00');

-- =====================================================
-- PRODUCT VARIANTS
-- =====================================================
INSERT INTO "public"."product_variants" ("id", "product_id", "sku", "size", "color", "price_override", "stock", "is_active", "created_at", "updated_at") VALUES ('14bf5897-0f11-40b0-8eb2-8e7c116fefdb', 'e885275c-144d-4682-b7ae-dcb895809c64', 'PRODUCT4-33-PUR', '33', 'purple', null, '13', 'true', '2025-09-23 13:01:36.56289+00', '2025-09-23 13:01:36.56289+00'), ('2ca12796-5a42-424f-a767-db38b0b526fe', 'e885275c-144d-4682-b7ae-dcb895809c64', 'PRODUCT4-34-RED', '34', 'red', null, '13', 'true', '2025-09-23 13:01:36.56289+00', '2025-09-24 14:07:54.613059+00'), ('4c702cb6-4818-4863-85a6-082b447d50cf', 'cfb866ac-2726-452b-a5f6-135cec8d0986', 'PRODUCT3-2', '34', 'green', null, '15', 'true', '2025-09-23 12:58:16.522536+00', '2025-09-23 12:58:16.522536+00'), ('79bfeca4-8696-4186-8c72-8f31bfcdc93b', 'cfb866ac-2726-452b-a5f6-135cec8d0986', 'PRODUCT3-1', '33', 'white', null, '14', 'true', '2025-09-23 12:58:16.522536+00', '2025-09-23 12:58:16.522536+00'), ('88c99d3a-4f85-4b4f-8a4e-8316912c2220', '8e0563b7-eb06-40b7-9aca-ae960befc0cf', 'PRODUCT2-2', '34', 'green', null, '10', 'true', '2025-09-23 12:55:49.181558+00', '2025-09-23 12:55:49.181558+00'), ('919054dc-3ea6-421f-a7b1-91d20578e597', '8e0563b7-eb06-40b7-9aca-ae960befc0cf', 'PRODUCT2-1', '33', 'black', null, '9', 'true', '2025-09-23 12:55:49.181558+00', '2025-09-24 16:47:46.990547+00'), ('9cee12ac-47b1-4ea9-8a53-467492e3c8fa', 'edb7ee96-f2ec-4e42-965f-5464160382b3', 'PRODUCT5-33-PIN', '33', 'pink', null, '15', 'true', '2025-09-23 13:03:17.161365+00', '2025-09-24 12:01:45.79177+00'), ('a09dc648-8464-49ca-950f-159cd5b481f9', 'edb7ee96-f2ec-4e42-965f-5464160382b3', 'PRODUCT5-37-WHI', '37', 'white', null, '0', 'false', '2025-09-23 13:03:17.161365+00', '2025-09-24 12:01:45.972438+00'), ('a10410c9-aa6a-4b58-a9f2-ffca9db37ad6', '66378ad6-055c-4f24-861c-b65790160c7b', 'Product 1-1', '33', 'White', null, '12', 'true', '2025-09-23 09:39:39.833568+00', '2025-09-23 12:56:42.26628+00'), ('af4a95a5-8d96-4c06-9437-58a4e7ebdbed', '66378ad6-055c-4f24-861c-b65790160c7b', 'Product 1-2', '34', 'Purple', null, '11', 'true', '2025-09-23 09:39:39.833568+00', '2025-09-23 12:56:42.350366+00');
-- =====================================================
-- PRODUCT IMAGES
-- =====================================================

INSERT INTO "public"."product_images" ("id", "product_id", "storage_path", "alt_text", "display_order", "is_primary", "created_at", "image_url", "file_name", "file_size", "updated_at") VALUES ('4bef328a-0da3-4564-9627-a57ac4c9b3b3', '66378ad6-055c-4f24-861c-b65790160c7b', 'products/66378ad6-055c-4f24-861c-b65790160c7b/product_66378ad6-055c-4f24-861c-b65790160c7b_1758632212396_yjyrf.jpg', 'Product image 1', '0', 'true', '2025-09-23 12:56:43.798667+00', 'https://encxafbdmxjmdardcmks.supabase.co/storage/v1/object/public/kixora/products/66378ad6-055c-4f24-861c-b65790160c7b/product_66378ad6-055c-4f24-861c-b65790160c7b_1758632212396_yjyrf.jpg', 'product_66378ad6-055c-4f24-861c-b65790160c7b_1758632212396_yjyrf.jpg', '150862', '2025-09-23 12:56:43.798667+00'), ('757b8685-26bf-471a-a3f2-9bbdf93baa7c', 'cfb866ac-2726-452b-a5f6-135cec8d0986', 'products/cfb866ac-2726-452b-a5f6-135cec8d0986/product_cfb866ac-2726-452b-a5f6-135cec8d0986_1758632305961_d3rcnk.jpg', 'Product image 1', '0', 'true', '2025-09-23 12:58:17.575949+00', 'https://encxafbdmxjmdardcmks.supabase.co/storage/v1/object/public/kixora/products/cfb866ac-2726-452b-a5f6-135cec8d0986/product_cfb866ac-2726-452b-a5f6-135cec8d0986_1758632305961_d3rcnk.jpg', 'product_cfb866ac-2726-452b-a5f6-135cec8d0986_1758632305961_d3rcnk.jpg', '150862', '2025-09-23 12:58:17.575949+00'), ('75bb1180-8537-4a3d-8f38-00230f28b5b7', 'cfb866ac-2726-452b-a5f6-135cec8d0986', 'products/cfb866ac-2726-452b-a5f6-135cec8d0986/product_cfb866ac-2726-452b-a5f6-135cec8d0986_1758632306533_4jwva.jpg', 'Product image 2', '1', 'false', '2025-09-23 12:58:17.575949+00', 'https://encxafbdmxjmdardcmks.supabase.co/storage/v1/object/public/kixora/products/cfb866ac-2726-452b-a5f6-135cec8d0986/product_cfb866ac-2726-452b-a5f6-135cec8d0986_1758632306533_4jwva.jpg', 'product_cfb866ac-2726-452b-a5f6-135cec8d0986_1758632306533_4jwva.jpg', '115206', '2025-09-23 12:58:17.575949+00'), ('8de6cdf2-8104-4dfc-8c65-49e98e0d51ff', '8e0563b7-eb06-40b7-9aca-ae960befc0cf', 'products/8e0563b7-eb06-40b7-9aca-ae960befc0cf/product_8e0563b7-eb06-40b7-9aca-ae960befc0cf_1758632159421_851e93.jpg', 'Product image 2', '1', 'false', '2025-09-23 12:55:50.31247+00', 'https://encxafbdmxjmdardcmks.supabase.co/storage/v1/object/public/kixora/products/8e0563b7-eb06-40b7-9aca-ae960befc0cf/product_8e0563b7-eb06-40b7-9aca-ae960befc0cf_1758632159421_851e93.jpg', 'product_8e0563b7-eb06-40b7-9aca-ae960befc0cf_1758632159421_851e93.jpg', '115206', '2025-09-23 12:55:50.31247+00'), ('b7fd5387-f6ae-4f9b-a619-2c53bb6a641f', 'e885275c-144d-4682-b7ae-dcb895809c64', 'products/e885275c-144d-4682-b7ae-dcb895809c64/product_e885275c-144d-4682-b7ae-dcb895809c64_1758632506345_x8q9po.jpg', 'Product image 2', '1', 'false', '2025-09-23 13:01:37.319534+00', 'https://encxafbdmxjmdardcmks.supabase.co/storage/v1/object/public/kixora/products/e885275c-144d-4682-b7ae-dcb895809c64/product_e885275c-144d-4682-b7ae-dcb895809c64_1758632506345_x8q9po.jpg', 'product_e885275c-144d-4682-b7ae-dcb895809c64_1758632506345_x8q9po.jpg', '115206', '2025-09-23 13:01:37.319534+00'), ('c8d635e2-fabb-4da6-8cfa-a1dcd75f5f5e', 'e885275c-144d-4682-b7ae-dcb895809c64', 'products/e885275c-144d-4682-b7ae-dcb895809c64/product_e885275c-144d-4682-b7ae-dcb895809c64_1758632506026_z77p08.jpg', 'Product image 1', '0', 'true', '2025-09-23 13:01:37.319534+00', 'https://encxafbdmxjmdardcmks.supabase.co/storage/v1/object/public/kixora/products/e885275c-144d-4682-b7ae-dcb895809c64/product_e885275c-144d-4682-b7ae-dcb895809c64_1758632506026_z77p08.jpg', 'product_e885275c-144d-4682-b7ae-dcb895809c64_1758632506026_z77p08.jpg', '150862', '2025-09-23 13:01:37.319534+00'), ('cea1a537-3cf3-473c-92f2-cab68abe2147', 'edb7ee96-f2ec-4e42-965f-5464160382b3', 'products/edb7ee96-f2ec-4e42-965f-5464160382b3/product_edb7ee96-f2ec-4e42-965f-5464160382b3_1758632606618_ah87ct.jpg', 'Product image 1', '0', 'true', '2025-09-23 13:03:18.583888+00', 'https://encxafbdmxjmdardcmks.supabase.co/storage/v1/object/public/kixora/products/edb7ee96-f2ec-4e42-965f-5464160382b3/product_edb7ee96-f2ec-4e42-965f-5464160382b3_1758632606618_ah87ct.jpg', 'product_edb7ee96-f2ec-4e42-965f-5464160382b3_1758632606618_ah87ct.jpg', '150862', '2025-09-23 13:03:18.583888+00'), ('cedb5f25-d20d-4f8b-99d1-405a4ea4ecc7', '8e0563b7-eb06-40b7-9aca-ae960befc0cf', 'products/8e0563b7-eb06-40b7-9aca-ae960befc0cf/product_8e0563b7-eb06-40b7-9aca-ae960befc0cf_1758632158621_9wcm9r.jpg', 'Product image 1', '0', 'true', '2025-09-23 12:55:50.31247+00', 'https://encxafbdmxjmdardcmks.supabase.co/storage/v1/object/public/kixora/products/8e0563b7-eb06-40b7-9aca-ae960befc0cf/product_8e0563b7-eb06-40b7-9aca-ae960befc0cf_1758632158621_9wcm9r.jpg', 'product_8e0563b7-eb06-40b7-9aca-ae960befc0cf_1758632158621_9wcm9r.jpg', '150862', '2025-09-23 12:55:50.31247+00'), ('f0e77710-0dbf-4d55-ba1e-cf099bf89fd8', '66378ad6-055c-4f24-861c-b65790160c7b', 'products/66378ad6-055c-4f24-861c-b65790160c7b/product_66378ad6-055c-4f24-861c-b65790160c7b_1758632212813_0gwbd.jpg', 'Product image 2', '1', 'false', '2025-09-23 12:56:43.798667+00', 'https://encxafbdmxjmdardcmks.supabase.co/storage/v1/object/public/kixora/products/66378ad6-055c-4f24-861c-b65790160c7b/product_66378ad6-055c-4f24-861c-b65790160c7b_1758632212813_0gwbd.jpg', 'product_66378ad6-055c-4f24-861c-b65790160c7b_1758632212813_0gwbd.jpg', '115206', '2025-09-23 12:56:43.798667+00'), ('f2a31c47-01d5-4679-8e7c-53ae5837b93a', 'edb7ee96-f2ec-4e42-965f-5464160382b3', 'products/edb7ee96-f2ec-4e42-965f-5464160382b3/product_edb7ee96-f2ec-4e42-965f-5464160382b3_1758632607420_0oe025.jpg', 'Product image 2', '1', 'false', '2025-09-23 13:03:18.583888+00', 'https://encxafbdmxjmdardcmks.supabase.co/storage/v1/object/public/kixora/products/edb7ee96-f2ec-4e42-965f-5464160382b3/product_edb7ee96-f2ec-4e42-965f-5464160382b3_1758632607420_0oe025.jpg', 'product_edb7ee96-f2ec-4e42-965f-5464160382b3_1758632607420_0oe025.jpg', '115206', '2025-09-23 13:03:18.583888+00');

-- =====================================================
-- COLLECTIONS
-- =====================================================

INSERT INTO "public"."collections" ("id", "slug", "name", "description", "image_url", "is_active", "is_pinned", "display_order", "created_at", "updated_at") VALUES ('11348adf-2009-471c-b108-7cbc69cb9d51', 'new-arrivals', 'NEW ARRIVALS', 'Create your own dream fassion.', 'collections/collection_temp_1758632654060_1758632654060_bpcf2p.jpg', 'true', 'true', '1', '2025-09-23 13:04:14.216001+00', '2025-09-23 13:04:56.70584+00'), ('729b494b-7599-41a6-bbf1-84592e88b462', 'hi-september', 'HI SEPTEMBER', 'choose your own style among others', 'collections/collection_temp_1758632740646_1758632740646_py2e.jpg', 'true', 'false', '0', '2025-09-23 13:05:39.647151+00', '2025-09-23 13:05:39.647151+00');

-- =====================================================
-- COLLECTION PRODUCTS
-- =====================================================
INSERT INTO "public"."collection_products" ("id", "collection_id", "product_id", "display_order", "created_at", "updated_at") VALUES ('22d1719e-b221-4de1-ac84-a712a8c0b0f3', '729b494b-7599-41a6-bbf1-84592e88b462', 'edb7ee96-f2ec-4e42-965f-5464160382b3', '4', '2025-09-23 13:05:49.921748+00', '2025-09-23 13:05:49.921748+00'), ('250c03c8-a1f9-491d-aa86-7c079a1bbad7', '729b494b-7599-41a6-bbf1-84592e88b462', '66378ad6-055c-4f24-861c-b65790160c7b', '1', '2025-09-24 11:57:57.005802+00', '2025-09-24 11:57:57.005802+00'), ('3077caa3-4055-4dd5-a60a-b7c20d0a725a', '11348adf-2009-471c-b108-7cbc69cb9d51', 'e885275c-144d-4682-b7ae-dcb895809c64', '3', '2025-09-23 13:04:31.452427+00', '2025-09-23 13:04:31.452427+00'), ('3d2846d5-f410-497b-9d92-4c39776f45ab', '11348adf-2009-471c-b108-7cbc69cb9d51', 'cfb866ac-2726-452b-a5f6-135cec8d0986', '4', '2025-09-23 13:04:44.54211+00', '2025-09-23 13:04:44.54211+00'), ('46afc726-30b3-4c3c-b078-0709535c5aff', '11348adf-2009-471c-b108-7cbc69cb9d51', '8e0563b7-eb06-40b7-9aca-ae960befc0cf', '3', '2025-09-23 13:04:43.17417+00', '2025-09-23 13:04:43.17417+00'), ('53f6d169-1047-40fc-b485-5e759ea77e8d', '11348adf-2009-471c-b108-7cbc69cb9d51', '66378ad6-055c-4f24-861c-b65790160c7b', '2', '2025-09-23 13:04:42.53247+00', '2025-09-23 13:04:42.53247+00'), ('b580103a-b487-4e7d-9fcb-a418271eb95d', '11348adf-2009-471c-b108-7cbc69cb9d51', 'edb7ee96-f2ec-4e42-965f-5464160382b3', '4', '2025-09-23 13:04:33.022237+00', '2025-09-23 13:04:33.022237+00'), ('b7ef10bb-6643-4cc2-8764-b6abe383a639', '729b494b-7599-41a6-bbf1-84592e88b462', 'e885275c-144d-4682-b7ae-dcb895809c64', '4', '2025-09-24 11:58:01.401175+00', '2025-09-24 11:58:01.401175+00'), ('dd4da353-d6d0-4638-a28a-e3d2f572179f', '729b494b-7599-41a6-bbf1-84592e88b462', '8e0563b7-eb06-40b7-9aca-ae960befc0cf', '2', '2025-09-24 11:57:58.530544+00', '2025-09-24 11:57:58.530544+00'), ('e286c4a0-5333-4a6f-b730-bfc98574543d', '729b494b-7599-41a6-bbf1-84592e88b462', 'cfb866ac-2726-452b-a5f6-135cec8d0986', '3', '2025-09-24 11:57:59.253362+00', '2025-09-24 11:57:59.253362+00');